<?xml version="1.0" encoding="UTF-8"?>
<metadata xml:lang="es"><Esri><CreaDate>20160831</CreaDate><CreaTime>10211800</CreaTime><SyncOnce>FALSE</SyncOnce><DataProperties><lineage><Process Name="Append_1" ToolSource="D:\Archivos de programa\ArcGIS\ArcToolbox\Toolboxes\Data Management Tools.tbx\Append" Date="20060802" Time="120141">Append E:\DANI_espe\ESMERALDAS\ESMERALDAS.mdb\NIVEL_13\LEVEL_13;E:\DANI_espe\ESMERALDAS\ESMERALDAS.mdb\NIVEL_14\LEVEL_14 E:\DANI_espe\ESMERALDAS\ESMERALDAS.mdb\HIDROGRAFIA\RIO_TORRENTE NO_TEST E:\DANI_espe\ESMERALDAS\ESMERALDAS.mdb\HIDROGRAFIA\RIO_TORRENTE</Process><Process Name="Append_6" ToolSource="D:\Archivos de programa\ArcGIS\ArcToolbox\Toolboxes\Data Management Tools.tbx\Append" Date="20060803" Time="115826">Append E:\DANI_espe\ESMERALDAS\ESMERALDAS.mdb\NIVEL_13\LEVEL_13;E:\DANI_espe\ESMERALDAS\ESMERALDAS.mdb\NIVEL_14\LEVEL_14 E:\DANI_espe\ESMERALDAS\ESMERALDAS.mdb\HIDROGRAFIA\RIO_TORRENTE NO_TEST E:\DANI_espe\ESMERALDAS\ESMERALDAS.mdb\HIDROGRAFIA\RIO_TORRENTE</Process><Process Name="Append_3" ToolSource="C:\Archivos de programa\ArcGIS\ArcToolbox\Toolboxes\Data Management Tools.tbx\Append" Date="20080211" Time="110545">Append 'E:\DANIELA RUIZ\1_250000\BLOQUE DANI\BLOQUE_1\RIO_VERDE.mdb\B_CUERPOS_AGUA\RIO_TORRENTE';\\Gsigproyecto\250mill\250MIL_ANTERIOR\DANIELA_RUIZ\Corregidas\MUISNE.mdb\B_CUERPOS_AGUA\RIO_TORRENTE "E:\DANIELA RUIZ\1_250000\BLOQUE DANI\BLOQUE_1\ECUADOR_PROVISIONAL1.mdb\B_CUERPOS_AGUA\RIO_TORRENTE" NO_TEST "CODIGO CODIGO true true false 5 Text 0 0 ,First,#,E:\DANIELA RUIZ\1_250000\BLOQUE DANI\BLOQUE_1\RIO_VERDE.mdb\B_CUERPOS_AGUA\RIO_TORRENTE,CODIGO,-1,-1,\\Gsigproyecto\250mill\250MIL_ANTERIOR\DANIELA_RUIZ\Corregidas\MUISNE.mdb\B_CUERPOS_AGUA\RIO_TORRENTE,CODIGO,-1,-1;TIPO TIPO true true false 30 Text 0 0 ,First,#,E:\DANIELA RUIZ\1_250000\BLOQUE DANI\BLOQUE_1\RIO_VERDE.mdb\B_CUERPOS_AGUA\RIO_TORRENTE,TIPO,-1,-1,\\Gsigproyecto\250mill\250MIL_ANTERIOR\DANIELA_RUIZ\Corregidas\MUISNE.mdb\B_CUERPOS_AGUA\RIO_TORRENTE,TIPO,-1,-1;SHAPE_Length SHAPE_Length false true true 8 Double 0 0 ,First,#,E:\DANIELA RUIZ\1_250000\BLOQUE DANI\BLOQUE_1\RIO_VERDE.mdb\B_CUERPOS_AGUA\RIO_TORRENTE,SHAPE_Length,-1,-1,\\Gsigproyecto\250mill\250MIL_ANTERIOR\DANIELA_RUIZ\Corregidas\MUISNE.mdb\B_CUERPOS_AGUA\RIO_TORRENTE,SHAPE_Length,-1,-1;DESCRIPCION DESCRIPCION true true false 100 Text 0 0 ,First,#,E:\DANIELA RUIZ\1_250000\BLOQUE DANI\BLOQUE_1\RIO_VERDE.mdb\B_CUERPOS_AGUA\RIO_TORRENTE,DESCRIPCION,-1,-1,\\Gsigproyecto\250mill\250MIL_ANTERIOR\DANIELA_RUIZ\Corregidas\MUISNE.mdb\B_CUERPOS_AGUA\RIO_TORRENTE,DESCRIPCION,-1,-1;NAM NAM true true false 50 Text 0 0 ,First,#,E:\DANIELA RUIZ\1_250000\BLOQUE DANI\BLOQUE_1\RIO_VERDE.mdb\B_CUERPOS_AGUA\RIO_TORRENTE,NAM,-1,-1,\\Gsigproyecto\250mill\250MIL_ANTERIOR\DANIELA_RUIZ\Corregidas\MUISNE.mdb\B_CUERPOS_AGUA\RIO_TORRENTE,NAM,-1,-1;NA2 NA2 true true false 50 Text 0 0 ,First,#,\\Gsigproyecto\250mill\250MIL_ANTERIOR\DANIELA_RUIZ\Corregidas\MUISNE.mdb\B_CUERPOS_AGUA\RIO_TORRENTE,NA2,-1,-1" "E:\DANIELA RUIZ\1_250000\BLOQUE DANI\BLOQUE_1\ECUADOR_PROVISIONAL1.mdb\B_CUERPOS_AGUA\RIO_TORRENTE"</Process><Process Name="Append_2" ToolSource="C:\Archivos de programa\ArcGIS\ArcToolbox\Toolboxes\Data Management Tools.tbx\Append" Date="20080219" Time="161713">Append 'E:\DANIELA RUIZ\1_250000\BLOQUE DANI\BLOQUE_2\ECUADOR_PROVISIONAL2.mdb\B_CUERPOS_AGUA\RIO_TORRENTE' "E:\DANIELA RUIZ\1_250000\BLOQUE DANI\BLOQUE_1\BLOQUE_1.mdb\B_CUERPOS_AGUA\RIO_TORRENTE" NO_TEST "CODIGO CODIGO true true false 5 Text 0 0 ,First,#,E:\DANIELA RUIZ\1_250000\BLOQUE DANI\BLOQUE_2\ECUADOR_PROVISIONAL2.mdb\B_CUERPOS_AGUA\RIO_TORRENTE,CODIGO,-1,-1;TIPO TIPO true true false 30 Text 0 0 ,First,#,E:\DANIELA RUIZ\1_250000\BLOQUE DANI\BLOQUE_2\ECUADOR_PROVISIONAL2.mdb\B_CUERPOS_AGUA\RIO_TORRENTE,TIPO,-1,-1;SHAPE_Length SHAPE_Length false true true 8 Double 0 0 ,First,#,E:\DANIELA RUIZ\1_250000\BLOQUE DANI\BLOQUE_2\ECUADOR_PROVISIONAL2.mdb\B_CUERPOS_AGUA\RIO_TORRENTE,SHAPE_Length,-1,-1;DESCRIPCION DESCRIPCION true true false 100 Text 0 0 ,First,#,E:\DANIELA RUIZ\1_250000\BLOQUE DANI\BLOQUE_2\ECUADOR_PROVISIONAL2.mdb\B_CUERPOS_AGUA\RIO_TORRENTE,DESCRIPCION,-1,-1;NAM NAM true true false 50 Text 0 0 ,First,#,E:\DANIELA RUIZ\1_250000\BLOQUE DANI\BLOQUE_2\ECUADOR_PROVISIONAL2.mdb\B_CUERPOS_AGUA\RIO_TORRENTE,NAM,-1,-1;NA2 NA2 true true false 50 Text 0 0 ,First,#,E:\DANIELA RUIZ\1_250000\BLOQUE DANI\BLOQUE_2\ECUADOR_PROVISIONAL2.mdb\B_CUERPOS_AGUA\RIO_TORRENTE,NA2,-1,-1" "E:\DANIELA RUIZ\1_250000\BLOQUE DANI\BLOQUE_1\BLOQUE_1.mdb\B_CUERPOS_AGUA\RIO_TORRENTE"</Process><Process ToolSource="D:\Archivos de programa\ArcGIS\ArcToolbox\Toolboxes\Data Management Tools.tbx\CopyFeatures" Date="20080825" Time="104609">CopyFeatures F:\BLOQUE_DANI_FINAL\BLOQUE_1\BLOQUE_1.mdb\B_CUERPOS_AGUA\RIO_TORRENTE F:\BLOQUE_DANI_FINAL\BLOQUE_1_HIDROGRAFIA.mdb\B_CUERPOS_AGUA\RIO_TORRENTE # 0 0 0</Process><Process Name="RepairGeometry_9" ToolSource="D:\Archivos de programa\ArcGIS\ArcToolbox\Toolboxes\Data Management Tools.tbx\RepairGeometry" Date="20080825" Time="105055">RepairGeometry F:\BLOQUE_DANI_FINAL\BLOQUE_1_HIDROGRAFIA.mdb\B_CUERPOS_AGUA\RIO_TORRENTE F:\BLOQUE_DANI_FINAL\BLOQUE_1_HIDROGRAFIA.mdb\B_CUERPOS_AGUA\RIO_TORRENTE</Process><Process ToolSource="C:\Archivos de programa\ArcGIS\ArcToolbox\Toolboxes\Data Management Tools.tbx\RepairGeometry" Date="20090928" Time="090507">RepairGeometry \\Vulcano\geoinformacion\FINAL\250K\BH_RIO_TORRENTE.shp DELETE_NULL \\Vulcano\geoinformacion\FINAL\250K\BH_RIO_TORRENTE.shp</Process><Process ToolSource="C:\Archivos de programa\ArcGIS\ArcToolbox\Toolboxes\Data Management Tools.tbx\RepairGeometry" Date="20090929" Time="094038">RepairGeometry \\Vulcano\geoinformacion\FINAL\250K\BH_RIO_TORRENTE.shp DELETE_NULL \\Vulcano\geoinformacion\FINAL\250K\BH_RIO_TORRENTE.shp</Process><Process ToolSource="C:\Archivos de programa\ArcGIS\ArcToolbox\Toolboxes\Data Management Tools.tbx\CopyFeatures" Date="20090929" Time="100930">CopyFeatures \\Vulcano\geoinformacion\FINAL\250K\BH_RIO_TORRENTE.shp "C:\JMC\SENPLADES\respaldo_25-09-09\FINAL\250K\New Personal Geodatabase.mdb\P\BH_RIO_TORRENTE" # 0 0 0</Process><Process ToolSource="C:\Archivos de programa\ArcGIS\ArcToolbox\Toolboxes\Data Management Tools.tbx\CopyFeatures" Date="20090929" Time="102747">CopyFeatures "C:\JMC\SENPLADES\respaldo_25-09-09\FINAL\250K\New Personal Geodatabase.mdb\P\BH_RIO_TORRENTE" \\Vulcano\geoinformacion\FINAL\250K\BH_RIO_TORRENTE.shp # 0 0 0</Process><Process Name="Clip (59)" ToolSource="C:\Program Files\ArcGIS\ArcToolbox\Toolboxes\Analysis Tools.tbx\Clip" Date="20110405" Time="151446">Clip BH_RIO_TORRENTE ZONA_7_-_SUR "C:\Users\czuleta\Documents\INFORMACION ZONALES\DIVISION POLITICA\ZONA 7 - SUR\RIO TORRENTE Z7.shp" #</Process></lineage><itemProps><itemName Sync="TRUE">RIOTORRENTEZ7_Clip</itemName><imsContentType Sync="TRUE">002</imsContentType><itemLocation><linkage Sync="TRUE">file://\\DESKTOP-0ODCNPI\C$\Users\Franz\Documents\ArcGIS\Default.gdb</linkage><protocol Sync="TRUE">Local Area Network</protocol></itemLocation></itemProps><coordRef><type Sync="TRUE">Projected</type><geogcsn Sync="TRUE">GCS_WGS_1984</geogcsn><csUnits Sync="TRUE">Linear Unit: Meter (1.000000)</csUnits><projcsn Sync="TRUE">WGS_1984_UTM_Zone_17S</projcsn><peXml Sync="TRUE">&lt;ProjectedCoordinateSystem xsi:type='typens:ProjectedCoordinateSystem' xmlns:xsi='http://www.w3.org/2001/XMLSchema-instance' xmlns:xs='http://www.w3.org/2001/XMLSchema' xmlns:typens='http://www.esri.com/schemas/ArcGIS/10.4'&gt;&lt;WKT&gt;PROJCS[&amp;quot;WGS_1984_UTM_Zone_17S&amp;quot;,GEOGCS[&amp;quot;GCS_WGS_1984&amp;quot;,DATUM[&amp;quot;D_WGS_1984&amp;quot;,SPHEROID[&amp;quot;WGS_1984&amp;quot;,6378137.0,298.257223563]],PRIMEM[&amp;quot;Greenwich&amp;quot;,0.0],UNIT[&amp;quot;Degree&amp;quot;,0.0174532925199433]],PROJECTION[&amp;quot;Transverse_Mercator&amp;quot;],PARAMETER[&amp;quot;False_Easting&amp;quot;,500000.0],PARAMETER[&amp;quot;False_Northing&amp;quot;,10000000.0],PARAMETER[&amp;quot;Central_Meridian&amp;quot;,-81.0],PARAMETER[&amp;quot;Scale_Factor&amp;quot;,0.9996],PARAMETER[&amp;quot;Latitude_Of_Origin&amp;quot;,0.0],UNIT[&amp;quot;Meter&amp;quot;,1.0],AUTHORITY[&amp;quot;EPSG&amp;quot;,32717]]&lt;/WKT&gt;&lt;XOrigin&gt;-5120900&lt;/XOrigin&gt;&lt;YOrigin&gt;1900&lt;/YOrigin&gt;&lt;XYScale&gt;10000&lt;/XYScale&gt;&lt;ZOrigin&gt;-100000&lt;/ZOrigin&gt;&lt;ZScale&gt;10000&lt;/ZScale&gt;&lt;MOrigin&gt;-100000&lt;/MOrigin&gt;&lt;MScale&gt;10000&lt;/MScale&gt;&lt;XYTolerance&gt;0.001&lt;/XYTolerance&gt;&lt;ZTolerance&gt;0.001&lt;/ZTolerance&gt;&lt;MTolerance&gt;0.001&lt;/MTolerance&gt;&lt;HighPrecision&gt;true&lt;/HighPrecision&gt;&lt;WKID&gt;32717&lt;/WKID&gt;&lt;LatestWKID&gt;32717&lt;/LatestWKID&gt;&lt;/ProjectedCoordinateSystem&gt;</peXml></coordRef></DataProperties><SyncDate>20160831</SyncDate><SyncTime>10032400</SyncTime><ModDate>20160831</ModDate><ModTime>10032400</ModTime><ArcGISFormat>1.0</ArcGISFormat></Esri><idinfo><native Sync="TRUE">Microsoft Windows Vista Version 6.1 (Build 7600) ; ESRI ArcCatalog 9.3.1.3000</native><descript><langdata Sync="TRUE">es</langdata><abstract>REQUIRED: A brief narrative summary of the data set.</abstract><purpose>REQUIRED: A summary of the intentions with which the data set was developed.</purpose></descript><citation><citeinfo><origin>REQUIRED: The name of an organization or individual that developed the data set.</origin><pubdate>REQUIRED: The date when the data set is published or otherwise made available for release.</pubdate><title Sync="TRUE">RIO TORRENTE Z7</title><ftname Sync="TRUE">RIO TORRENTE Z7</ftname><geoform Sync="TRUE">vector digital data</geoform><onlink Sync="TRUE">\\MAT-CZULETA1\Users\czuleta\Documents\INFORMACION ZONALES\DIVISION POLITICA\ZONA 7 - SUR\RIO TORRENTE Z7.shp</onlink></citeinfo></citation><timeperd><current>REQUIRED: The basis on which the time period of content information is determined.</current><timeinfo><sngdate><caldate>REQUIRED: The year (and optionally month, or month and day) for which the data set corresponds to the ground.</caldate></sngdate></timeinfo></timeperd><status><progress>REQUIRED: The state of the data set.</progress><update>REQUIRED: The frequency with which changes and additions are made to the data set after the initial data set is completed.</update></status><spdom><bounding><westbc Sync="TRUE">-80.920010</westbc><eastbc Sync="TRUE">-74.979612</eastbc><northbc Sync="TRUE">1.999278</northbc><southbc Sync="TRUE">-5.018344</southbc></bounding><lboundng><leftbc Sync="TRUE">508900.929350</leftbc><rightbc Sync="TRUE">1168616.591666</rightbc><bottombc Sync="TRUE">9445307.388206</bottombc><topbc Sync="TRUE">10220981.428904</topbc></lboundng></spdom><keywords><theme><themekt>REQUIRED: Reference to a formally registered thesaurus or a similar authoritative source of theme keywords.</themekt><themekey>REQUIRED: Common-use word or phrase used to describe the subject of the data set.</themekey></theme></keywords><accconst>REQUIRED: Restrictions and legal prerequisites for accessing the data set.</accconst><useconst>REQUIRED: Restrictions and legal prerequisites for using the data set after access is granted.</useconst><natvform Sync="TRUE">Shapefile</natvform></idinfo><dataIdInfo><envirDesc Sync="TRUE"> Version 6.2 (Build 9200) ; Esri ArcGIS 10.4.0.5524</envirDesc><dataLang><languageCode Sync="TRUE" value="spa"></languageCode><countryCode value="ECU" Sync="TRUE"></countryCode></dataLang><idCitation><resTitle Sync="TRUE">RIOTORRENTEZ7_Clip</resTitle><presForm><PresFormCd Sync="TRUE" value="005"></PresFormCd></presForm></idCitation><spatRpType><SpatRepTypCd Sync="TRUE" value="001"></SpatRepTypCd></spatRpType><dataExt><geoEle><GeoBndBox esriExtentType="native"><westBL Sync="TRUE">508900.92935</westBL><eastBL Sync="TRUE">1168616.591666</eastBL><northBL Sync="TRUE">10220981.428904</northBL><southBL Sync="TRUE">9445307.388206</southBL><exTypeCode Sync="TRUE">1</exTypeCode></GeoBndBox></geoEle></dataExt><geoBox esriExtentType="decdegrees"><westBL Sync="TRUE">-80.92001</westBL><eastBL Sync="TRUE">-74.979612</eastBL><northBL Sync="TRUE">1.999278</northBL><southBL Sync="TRUE">-5.018344</southBL><exTypeCode Sync="TRUE">1</exTypeCode></geoBox></dataIdInfo><metainfo><langmeta Sync="TRUE">es</langmeta><metstdn Sync="TRUE">FGDC Content Standards for Digital Geospatial Metadata</metstdn><metstdv Sync="TRUE">FGDC-STD-001-1998</metstdv><mettc Sync="TRUE">local time</mettc><metc><cntinfo><cntorgp><cntper>REQUIRED: The person responsible for the metadata information.</cntper><cntorg>REQUIRED: The organization responsible for the metadata information.</cntorg></cntorgp><cntaddr><addrtype>REQUIRED: The mailing and/or physical address for the organization or individual.</addrtype><city>REQUIRED: The city of the address.</city><state>REQUIRED: The state or province of the address.</state><postal>REQUIRED: The ZIP or other postal code of the address.</postal></cntaddr><cntvoice>REQUIRED: The telephone number by which individuals can speak to the organization or individual.</cntvoice></cntinfo></metc><metd Sync="TRUE">20110405</metd></metainfo><mdLang><languageCode Sync="TRUE" value="spa"></languageCode><countryCode value="ECU" Sync="TRUE"></countryCode></mdLang><mdStanName Sync="TRUE">ISO 19115 Geographic Information - Metadata</mdStanName><mdStanVer Sync="TRUE">DIS_ESRI1.0</mdStanVer><mdChar><CharSetCd Sync="TRUE" value="004"></CharSetCd></mdChar><mdHrLv><ScopeCd Sync="TRUE" value="005"></ScopeCd></mdHrLv><mdHrLvName Sync="TRUE">dataset</mdHrLvName><distinfo><resdesc Sync="TRUE">Downloadable Data</resdesc><stdorder><digform><digtinfo><transize Sync="TRUE">0,000</transize><dssize Sync="TRUE">0,000</dssize></digtinfo></digform></stdorder></distinfo><distInfo><distributor><distorTran><onLineSrc><orDesc Sync="TRUE">002</orDesc><linkage Sync="TRUE">file://\\MAT-CZULETA1\Users\czuleta\Documents\INFORMACION ZONALES\DIVISION POLITICA\ZONA 7 - SUR\RIO TORRENTE Z7.shp</linkage><protocol Sync="TRUE">Local Area Network</protocol></onLineSrc><transSize Sync="TRUE">0,000</transSize></distorTran><distorFormat><formatName Sync="TRUE">Shapefile</formatName></distorFormat></distributor><distFormat><formatName Sync="TRUE">File Geodatabase Feature Class</formatName></distFormat></distInfo><spdoinfo><direct Sync="TRUE">Vector</direct><ptvctinf><esriterm Name="RIOTORRENTEZ7_Clip"><efeatyp Sync="TRUE">Simple</efeatyp><efeageom code="3" Sync="TRUE"></efeageom><esritopo Sync="TRUE">FALSE</esritopo><efeacnt Sync="TRUE">0</efeacnt><spindex Sync="TRUE">TRUE</spindex><linrefer Sync="TRUE">FALSE</linrefer></esriterm></ptvctinf></spdoinfo><spref><horizsys><cordsysn><geogcsn Sync="TRUE">GCS_WGS_1984</geogcsn><projcsn Sync="TRUE">WGS_1984_UTM_Zone_17S</projcsn></cordsysn><planar><planci><plance Sync="TRUE">coordinate pair</plance><plandu Sync="TRUE">meters</plandu><coordrep><absres Sync="TRUE">0.000000</absres><ordres Sync="TRUE">0.000000</ordres></coordrep></planci></planar><geodetic><horizdn Sync="TRUE">D_WGS_1984</horizdn><ellips Sync="TRUE">WGS_1984</ellips><semiaxis Sync="TRUE">6378137.000000</semiaxis><denflat Sync="TRUE">298.257224</denflat></geodetic></horizsys><vertdef><altsys><altenc Sync="TRUE">Explicit elevation coordinate included with horizontal coordinates</altenc><altres Sync="TRUE">0.000100</altres></altsys></vertdef></spref><refSysInfo><RefSystem><refSysID><identCode Sync="TRUE" code="32717">WGS_1984_UTM_Zone_17S</identCode><idCodeSpace Sync="TRUE">EPSG</idCodeSpace><idVersion Sync="TRUE">2.1(3.0.1)</idVersion></refSysID></RefSystem></refSysInfo><spatRepInfo><VectSpatRep><geometObjs Name="RIOTORRENTEZ7_Clip"><geoObjTyp><GeoObjTypCd value="002" Sync="TRUE"></GeoObjTypCd></geoObjTyp><geoObjCnt Sync="TRUE">0</geoObjCnt></geometObjs><topLvl><TopoLevCd value="001" Sync="TRUE"></TopoLevCd></topLvl></VectSpatRep></spatRepInfo><eainfo><detailed Name="RIOTORRENTEZ7_Clip"><enttyp><enttypl Sync="TRUE">RIOTORRENTEZ7_Clip</enttypl><enttypt Sync="TRUE">Feature Class</enttypt><enttypc Sync="TRUE">0</enttypc></enttyp><attr><attrlabl Sync="TRUE">OBJECTID_1</attrlabl><attalias Sync="TRUE">FID</attalias><attrtype Sync="TRUE">OID</attrtype><attwidth Sync="TRUE">4</attwidth><atprecis Sync="TRUE">0</atprecis><attscale Sync="TRUE">0</attscale><attrdef Sync="TRUE">Internal feature number.</attrdef><attrdefs Sync="TRUE">Esri</attrdefs><attrdomv><udom Sync="TRUE">Sequential unique whole numbers that are automatically generated.</udom></attrdomv></attr><attr><attrlabl Sync="TRUE">OBJECTID</attrlabl><attalias Sync="TRUE">OBJECTID</attalias><attrtype Sync="TRUE">Integer</attrtype><attwidth Sync="TRUE">4</attwidth><attrdef Sync="TRUE">Internal feature number.</attrdef><attrdefs Sync="TRUE">ESRI</attrdefs><attrdomv><udom Sync="TRUE">Sequential unique whole numbers that are automatically generated.</udom></attrdomv><atprecis Sync="TRUE">0</atprecis><attscale Sync="TRUE">0</attscale></attr><attr><attrlabl Sync="TRUE">SHAPE</attrlabl><attalias Sync="TRUE">Shape</attalias><attrtype Sync="TRUE">Geometry</attrtype><attwidth Sync="TRUE">0</attwidth><atprecis Sync="TRUE">0</atprecis><attscale Sync="TRUE">0</attscale><attrdef Sync="TRUE">Feature geometry.</attrdef><attrdefs Sync="TRUE">ESRI</attrdefs><attrdomv><udom Sync="TRUE">Coordinates defining the features.</udom></attrdomv></attr><attr><attrlabl Sync="TRUE">CODIGO</attrlabl><attalias Sync="TRUE">CODIGO</attalias><attrtype Sync="TRUE">String</attrtype><attwidth Sync="TRUE">5</attwidth><atprecis Sync="TRUE">0</atprecis><attscale Sync="TRUE">0</attscale></attr><attr><attrlabl Sync="TRUE">NAM</attrlabl><attalias Sync="TRUE">NAM</attalias><attrtype Sync="TRUE">String</attrtype><attwidth Sync="TRUE">50</attwidth><atprecis Sync="TRUE">0</atprecis><attscale Sync="TRUE">0</attscale></attr><attr><attrlabl Sync="TRUE">NA2</attrlabl><attalias Sync="TRUE">NA2</attalias><attrtype Sync="TRUE">String</attrtype><attwidth Sync="TRUE">50</attwidth><atprecis Sync="TRUE">0</atprecis><attscale Sync="TRUE">0</attscale></attr><attr><attrlabl Sync="TRUE">DESCRIPCIO</attrlabl><attalias Sync="TRUE">DESCRIPCIO</attalias><attrtype Sync="TRUE">String</attrtype><attwidth Sync="TRUE">250</attwidth><atprecis Sync="TRUE">0</atprecis><attscale Sync="TRUE">0</attscale></attr><attr><attrlabl Sync="TRUE">HYC_COD</attrlabl><attalias Sync="TRUE">HYC_COD</attalias><attrtype Sync="TRUE">SmallInteger</attrtype><attwidth Sync="TRUE">2</attwidth><atprecis Sync="TRUE">0</atprecis><attscale Sync="TRUE">0</attscale></attr><attr><attrlabl Sync="TRUE">HYC_DESC</attrlabl><attalias Sync="TRUE">HYC_DESC</attalias><attrtype Sync="TRUE">String</attrtype><attwidth Sync="TRUE">80</attwidth><atprecis Sync="TRUE">0</atprecis><attscale Sync="TRUE">0</attscale></attr><attr><attrlabl Sync="TRUE">SHAPE_Leng</attrlabl><attalias Sync="TRUE">SHAPE_Leng</attalias><attrtype Sync="TRUE">Double</attrtype><attwidth Sync="TRUE">8</attwidth><atprecis Sync="TRUE">0</atprecis><attscale Sync="TRUE">0</attscale></attr><attr><attrlabl Sync="TRUE">Shape_Le_1</attrlabl><attalias Sync="TRUE">Shape_Le_1</attalias><attrtype Sync="TRUE">Double</attrtype><attwidth Sync="TRUE">8</attwidth><atprecis Sync="TRUE">0</atprecis><attscale Sync="TRUE">0</attscale></attr><attr><attrlabl Sync="TRUE">Shape_Length</attrlabl><attalias Sync="TRUE">Shape_Length</attalias><attrtype Sync="TRUE">Double</attrtype><attwidth Sync="TRUE">8</attwidth><atprecis Sync="TRUE">0</atprecis><attscale Sync="TRUE">0</attscale><attrdef Sync="TRUE">Length of feature in internal units.</attrdef><attrdefs Sync="TRUE">Esri</attrdefs><attrdomv><udom Sync="TRUE">Positive real numbers that are automatically generated.</udom></attrdomv></attr></detailed></eainfo><mdDateSt Sync="TRUE">20160831</mdDateSt><dataqual><lineage><procstep><procdesc Sync="TRUE">Dataset copied.</procdesc><srcused Sync="TRUE">\\GGUERRON\E\PROYECTOS\BDD 250000 (RIOS)\BLOQUES_UNIDOS 4.mdb</srcused><date Sync="TRUE">20081119</date><time Sync="TRUE">08103100</time></procstep><procstep><procdesc Sync="TRUE">Dataset copied.</procdesc><srcused Sync="TRUE"></srcused><date Sync="TRUE">20090528</date><time Sync="TRUE">17060600</time></procstep><procstep><procdesc Sync="TRUE">Dataset copied.</procdesc><srcused Sync="TRUE">C:\Users\Julio\Documents\PERSONAL\SENPLADES\GDB\ORIGINAL\250000\B_HIDROGRAFIA\BH_RIO_TORRENTE</srcused><procdate Sync="TRUE">20090925</procdate><proctime Sync="TRUE">09194900</proctime></procstep></lineage></dataqual></metadata>
